<manifest alg="2" build="2015.1.2.344" opt="false" iceEnabled="true" iceMarkupVersion="2" iceEnabledOptions="link,responsive" exportTarget="other" domain="BrettGraves.com" resolutions="1x" timestamp="1461243210966">
  <folder name="css">
    <file name="site_global.css" crc="131700929"/>
    <file name="master_gd.css" crc="4160882385" ref="hold-magnhild:boces-cover:graphic-design:conscience-café"/>
    <file name="master_id.css" crc="350339834" ref="powcraft:wizard-s-quest:interactive-design:evil-teacher"/>
    <file name="master_interior.css" crc="3992860729" ref="powcraft:wizard-s-quest:video-and-animation:resume:logo-factory:hold-magnhild:interactive-design:looking-forward:slipping:boces-cover:evil-teacher:graphic-design:conscience-café"/>
    <file name="master_va.css" crc="88687470" ref="video-and-animation:logo-factory:looking-forward:slipping"/>
    <file name="master_main.css" crc="3768609195" ref="powcraft:index:wizard-s-quest:video-and-animation:resume:logo-factory:hold-magnhild:interactive-design:looking-forward:slipping:boces-cover:evil-teacher:graphic-design:conscience-café"/>
    <file name="powcraft.css" crc="457700415" ref="powcraft"/>
    <file name="index.css" crc="4277132673" ref="index"/>
    <file name="wizard-s-quest.css" crc="9523560" ref="wizard-s-quest"/>
    <file name="video-and-animation.css" crc="4249930746" ref="video-and-animation"/>
    <file name="resume.css" crc="4232333539" ref="resume"/>
    <file name="logo-factory.css" crc="328443869" ref="logo-factory"/>
    <file name="hold-magnhild.css" crc="178133653" ref="hold-magnhild"/>
    <file name="interactive-design.css" crc="4009693217" ref="interactive-design"/>
    <file name="looking-forward.css" crc="131442610" ref="looking-forward"/>
    <file name="slipping.css" crc="4078020818" ref="slipping"/>
    <file name="boces-cover.css" crc="3944721635" ref="boces-cover"/>
    <file name="evil-teacher.css" crc="128447830" ref="evil-teacher"/>
    <file name="graphic-design.css" crc="3885865504" ref="graphic-design"/>
    <file name="conscience-caf_.css" crc="4229307722" ref="conscience-café"/>
  </folder>
  <folder name="assets">
    <file name="resume.indd" crc="377823972" seo="true" mt="1461086793000"/>
    <file name="resume.pdf" crc="150700916" seo="true" mt="1461086857000"/>
    <file name="manghild-~-boop-with-peachbg.png" crc="4202571075" seo="true" mt="1454531212000"/>
  </folder>
  <folder name="scripts">
    <file name="jquery-1.8.3.min.js" crc="207176553" ref="index:video-and-animation:resume:interactive-design:graphic-design:hold-magnhild:slipping:evil-teacher:powcraft:wizard-s-quest:logo-factory:looking-forward:boces-cover:conscience-café"/>
    <file name="museutils.js" crc="3790713428" ref="index:video-and-animation:resume:interactive-design:graphic-design:hold-magnhild:slipping:evil-teacher:powcraft:wizard-s-quest:logo-factory:looking-forward:boces-cover:conscience-café"/>
    <file name="whatinput.js" crc="84559013" ref="index:video-and-animation:resume:interactive-design:graphic-design:hold-magnhild:slipping:evil-teacher:powcraft:wizard-s-quest:logo-factory:looking-forward:boces-cover:conscience-café"/>
    <file name="pie.js" crc="3827607177" ref="index:video-and-animation:resume:interactive-design:graphic-design:hold-magnhild:slipping:evil-teacher:powcraft:wizard-s-quest:logo-factory:looking-forward:boces-cover:conscience-café"/>
    <file name="jquery.musemenu.js" crc="238543590" ref="index:video-and-animation:resume:interactive-design:graphic-design:hold-magnhild:slipping:evil-teacher:powcraft:wizard-s-quest:logo-factory:looking-forward:boces-cover:conscience-café"/>
    <file name="jquery.watch.js" crc="4244854265" ref="index:video-and-animation:resume:interactive-design:graphic-design:hold-magnhild:slipping:evil-teacher:powcraft:wizard-s-quest:logo-factory:looking-forward:boces-cover:conscience-café"/>
    <file name="html5shiv.js" crc="4241844378" ref="index:video-and-animation:resume:interactive-design:graphic-design:hold-magnhild:slipping:evil-teacher:powcraft:wizard-s-quest:logo-factory:looking-forward:boces-cover:conscience-café"/>
  </folder>
  <folder name="images">
    <file name="logo.svg" crc="3876760168" ref="index:video-and-animation:resume:interactive-design:graphic-design:hold-magnhild:slipping:evil-teacher:powcraft:wizard-s-quest:logo-factory:looking-forward:boces-cover:conscience-café"/>
    <file name="logo_poster_.png" crc="4262926492" ref="index"/>
    <file name="gd-icon.svg" crc="188196070" ref="index:graphic-design:hold-magnhild:boces-cover:conscience-café"/>
    <file name="gd icon_poster_.png" crc="171869942" ref="index"/>
    <file name="v-a-icon.svg" crc="274031581" ref="index:video-and-animation:slipping:logo-factory:looking-forward"/>
    <file name="v-a icon_poster_.png" crc="3960638277" ref="index"/>
    <file name="id-icon.svg" crc="4055168073" ref="index:interactive-design:evil-teacher:powcraft:wizard-s-quest"/>
    <file name="id icon_poster_.png" crc="5191883" ref="index"/>
    <file name="arrowmenudown.gif" crc="213132104" ref="index:video-and-animation"/>
    <file name="u148-4.png" crc="3910604736" ref="video-and-animation:resume:interactive-design:graphic-design:hold-magnhild:slipping:evil-teacher:powcraft:wizard-s-quest:logo-factory:looking-forward:boces-cover:conscience-café"/>
    <file name="looking forward show-crop-u1838.png" crc="231538689" ref="video-and-animation"/>
    <file name="resume.jpg" crc="260026782" seo="true" ref="resume"/>
    <file name="resume2.jpg" crc="157387416" seo="true" ref="resume"/>
    <file name="2016-02-27_183330.jpg" crc="4054553398" seo="true" ref="interactive-design:powcraft"/>
    <file name="nawuwfenhsitx9qvopxutui3jwqgvio7_jgthisu3ui.jpg" crc="395013575" seo="true" ref="interactive-design"/>
    <file name="nzzs5iqcicir2fjgxoa2blzzcsyf8vttugc69kmp4jo.jpg" crc="333989784" seo="true" ref="interactive-design"/>
    <file name="manghild ~ boop with peachbg253x158.jpg" crc="359159591" seo="true" ref="graphic-design"/>
    <file name="cc-napkin2.jpg" crc="458363715" seo="true" ref="graphic-design:conscience-café"/>
    <file name="budgetcover front116x156.jpg" crc="4043426035" seo="true" ref="graphic-design"/>
    <file name="manghild ~ boop with peachbg.jpg" crc="4047745727" seo="true" ref="hold-magnhild"/>
    <file name="fproj 2 dnd afterfix.swf" crc="4217823188" ref="wizard-s-quest"/>
    <file name="looking forward show-crop-u1651.png" crc="528540504" ref="looking-forward"/>
    <file name="budgetcover front.jpg" crc="353657460" seo="true" ref="boces-cover"/>
    <file name="budgetcover back.jpg" crc="535249493" seo="true" ref="boces-cover"/>
    <file name="cc-napkin1.jpg" crc="4028390290" seo="true" ref="conscience-café"/>
    <file name="cc-coffee1.png" crc="4055905311" seo="true" ref="conscience-café"/>
    <file name="cc-coffee2.png" crc="413224437" seo="true" ref="conscience-café"/>
  </folder>
  <file name="index.html" crc="318010060" seo="true" mt="1461243062324" redirect="true"/>
  <file name="video-and-animation.html" crc="4133375668" seo="true" mt="1461243062324" redirect="true"/>
  <file name="resume.html" crc="468394419" seo="true" mt="1461243062324" redirect="true"/>
  <file name="interactive-design.html" crc="3761675852" seo="true" mt="1461243062324" redirect="true"/>
  <file name="graphic-design.html" crc="320956836" seo="true" mt="1461243062324" redirect="true"/>
  <file name="hold-magnhild.html" crc="4281607478" seo="true" mt="1461243062324" redirect="true"/>
  <file name="slipping.html" crc="80356245" seo="true" mt="1461243062324" redirect="true"/>
  <file name="evil-teacher.html" crc="3899553927" seo="true" mt="1461243184403" redirect="true"/>
  <file name="powcraft.html" crc="3987964043" seo="true" mt="1461243062324" redirect="true"/>
  <file name="wizard-s-quest.html" crc="533641803" seo="true" mt="1461243062324" redirect="true"/>
  <file name="logo-factory.html" crc="288977348" seo="true" mt="1461243062324" redirect="true"/>
  <file name="looking-forward.html" crc="4205323974" seo="true" mt="1461243062324" redirect="true"/>
  <file name="boces-cover.html" crc="4009376499" seo="true" mt="1461243062324" redirect="true"/>
  <file name="conscience-café.html" crc="425534792" seo="true" mt="1461243062324" redirect="true"/>
</manifest>