<manifest alg="2" build="2015.1.2.344" opt="false" iceEnabled="true" iceMarkupVersion="2" iceEnabledOptions="link,responsive" exportTarget="other" domain="13rettGraves.com" resolutions="1x" timestamp="1459457962182">
  <folder name="css">
    <file name="site_global.css" crc="131700929"/>
    <file name="master_gd.css" crc="4160882385" ref="boces-cover:conscience-café:graphic-design:hold-magnhild"/>
    <file name="master_id.css" crc="350339834" ref="evil-teacher:powcraft:wizard-s-quest:interactive-design"/>
    <file name="master_interior.css" crc="113075186" ref="boces-cover:slipping:conscience-café:evil-teacher:video-and-animation:powcraft:resume:wizard-s-quest:interactive-design:logo-paint-factory:graphic-design:looking-forward:hold-magnhild"/>
    <file name="master_va.css" crc="88687470" ref="slipping:video-and-animation:logo-paint-factory:looking-forward"/>
    <file name="master_main.css" crc="282667611" ref="boces-cover:slipping:index:conscience-café:evil-teacher:video-and-animation:powcraft:resume:wizard-s-quest:interactive-design:logo-paint-factory:graphic-design:looking-forward:hold-magnhild"/>
    <file name="boces-cover.css" crc="233172574" ref="boces-cover"/>
    <file name="slipping.css" crc="3914078701" ref="slipping"/>
    <file name="index.css" crc="3965183941" ref="index"/>
    <file name="conscience-caf_.css" crc="504004965" ref="conscience-café"/>
    <file name="evil-teacher.css" crc="3865922082" ref="evil-teacher"/>
    <file name="video-and-animation.css" crc="34179045" ref="video-and-animation"/>
    <file name="powcraft.css" crc="509330884" ref="powcraft"/>
    <file name="resume.css" crc="303836387" ref="resume"/>
    <file name="wizard-s-quest.css" crc="4081453894" ref="wizard-s-quest"/>
    <file name="interactive-design.css" crc="251771057" ref="interactive-design"/>
    <file name="logo-paint-factory.css" crc="4152809396" ref="logo-paint-factory"/>
    <file name="graphic-design.css" crc="3868965998" ref="graphic-design"/>
    <file name="looking-forward.css" crc="3841316760" ref="looking-forward"/>
    <file name="hold-magnhild.css" crc="4006698536" ref="hold-magnhild"/>
  </folder>
  <folder name="assets">
    <file name="resume.indd" crc="69953234" seo="true" mt="1459273783000"/>
  </folder>
  <folder name="scripts">
    <file name="jquery-1.8.3.min.js" crc="207176553" ref="index:video-and-animation:resume:interactive-design:graphic-design:hold-magnhild:slipping:evil-teacher:powcraft:wizard-s-quest:logo-paint-factory:looking-forward:boces-cover:conscience-café"/>
    <file name="museutils.js" crc="3790713428" ref="index:video-and-animation:resume:interactive-design:graphic-design:hold-magnhild:slipping:evil-teacher:powcraft:wizard-s-quest:logo-paint-factory:looking-forward:boces-cover:conscience-café"/>
    <file name="whatinput.js" crc="84559013" ref="index:video-and-animation:resume:interactive-design:graphic-design:hold-magnhild:slipping:evil-teacher:powcraft:wizard-s-quest:logo-paint-factory:looking-forward:boces-cover:conscience-café"/>
    <file name="pie.js" crc="3827607177" ref="index:video-and-animation:interactive-design:graphic-design:hold-magnhild:slipping:evil-teacher:powcraft:wizard-s-quest:logo-paint-factory:looking-forward:boces-cover:conscience-café"/>
    <file name="jquery.musemenu.js" crc="238543590" ref="index:video-and-animation:resume:interactive-design:graphic-design:hold-magnhild:slipping:evil-teacher:powcraft:wizard-s-quest:logo-paint-factory:looking-forward:boces-cover:conscience-café"/>
    <file name="jquery.watch.js" crc="4244854265" ref="index:video-and-animation:resume:interactive-design:graphic-design:hold-magnhild:slipping:evil-teacher:powcraft:wizard-s-quest:logo-paint-factory:looking-forward:boces-cover:conscience-café"/>
    <file name="html5shiv.js" crc="4241844378" ref="index:video-and-animation:resume:interactive-design:graphic-design:hold-magnhild:slipping:evil-teacher:powcraft:wizard-s-quest:logo-paint-factory:looking-forward:boces-cover:conscience-café"/>
  </folder>
  <folder name="images">
    <file name="logo.svg" crc="3876760168" ref="index:video-and-animation:resume:interactive-design:graphic-design:hold-magnhild:slipping:evil-teacher:powcraft:wizard-s-quest:logo-paint-factory:looking-forward:boces-cover:conscience-café"/>
    <file name="logo_poster_.png" crc="4262926492" ref="index"/>
    <file name="gd-icon.svg" crc="406752750" ref="index:graphic-design:hold-magnhild:boces-cover:conscience-café"/>
    <file name="gd icon_poster_.png" crc="245425534" ref="index"/>
    <file name="v-a-icon.svg" crc="3960686045" ref="index:video-and-animation:slipping:logo-paint-factory:looking-forward"/>
    <file name="v-a icon_poster_.png" crc="3761362406" ref="index"/>
    <file name="id-icon.svg" crc="9407945" ref="index:interactive-design:evil-teacher:powcraft:wizard-s-quest"/>
    <file name="id icon_poster_.png" crc="36712338" ref="index"/>
    <file name="u1941-4.png" crc="368786686" ref="index"/>
    <file name="arrowmenudown.gif" crc="213132104" ref="index:video-and-animation"/>
    <file name="u148-4.png" crc="3910604736" ref="video-and-animation:resume:interactive-design:graphic-design:hold-magnhild:slipping:evil-teacher:powcraft:wizard-s-quest:logo-paint-factory:looking-forward:boces-cover:conscience-café"/>
    <file name="looking forward show-crop-u1838.png" crc="359495925" ref="video-and-animation"/>
    <file name="2016-02-27_183330.jpg" crc="4054553398" seo="true" ref="interactive-design:powcraft"/>
    <file name="nawuwfenhsitx9qvopxutui3jwqgvio7_jgthisu3ui.jpg" crc="395013575" seo="true" ref="interactive-design"/>
    <file name="nzzs5iqcicir2fjgxoa2blzzcsyf8vttugc69kmp4jo.jpg" crc="333989784" seo="true" ref="interactive-design"/>
    <file name="manghild ~ boop with peachbg.jpg" crc="260611967" seo="true" ref="graphic-design:hold-magnhild"/>
    <file name="cc-napkin2.jpg" crc="458363715" seo="true" ref="graphic-design:conscience-café"/>
    <file name="budgetcover front116x156.jpg" crc="4043426035" seo="true" ref="graphic-design"/>
    <file name="fproj 2 dnd afterfix.swf" crc="4217823188" ref="wizard-s-quest"/>
    <file name="looking forward show-crop-u1651.png" crc="165099050" ref="looking-forward"/>
    <file name="budgetcover front.jpg" crc="353657460" seo="true" ref="boces-cover"/>
    <file name="budgetcover back.jpg" crc="535249493" seo="true" ref="boces-cover"/>
    <file name="cc-napkin1.jpg" crc="4028390290" seo="true" ref="conscience-café"/>
    <file name="cc-coffee1.png" crc="4055905311" seo="true" ref="conscience-café"/>
    <file name="cc-coffee2.png" crc="413224437" seo="true" ref="conscience-café"/>
  </folder>
  <file name="index.html" crc="3926612888" seo="true" mt="1459457889024" redirect="true"/>
  <file name="video-and-animation.html" crc="512510653" seo="true" mt="1459457176742" redirect="true"/>
  <file name="resume.html" crc="73464870" seo="true" mt="1459457176742" redirect="true"/>
  <file name="interactive-design.html" crc="3787164483" seo="true" mt="1459457176742" redirect="true"/>
  <file name="graphic-design.html" crc="147086535" seo="true" mt="1459457176742" redirect="true"/>
  <file name="hold-magnhild.html" crc="4159011005" seo="true" mt="1459457176742" redirect="true"/>
  <file name="slipping.html" crc="292531333" seo="true" mt="1459457176742" redirect="true"/>
  <file name="evil-teacher.html" crc="339499175" seo="true" mt="1459457176742" redirect="true"/>
  <file name="powcraft.html" crc="3884810855" seo="true" mt="1459457176742" redirect="true"/>
  <file name="wizard-s-quest.html" crc="3990239954" seo="true" mt="1459457176742" redirect="true"/>
  <file name="logo-paint-factory.html" crc="506088296" seo="true" mt="1459457176742" redirect="true"/>
  <file name="looking-forward.html" crc="4105025798" seo="true" mt="1459457176742" redirect="true"/>
  <file name="boces-cover.html" crc="4157515435" seo="true" mt="1459457176742" redirect="true"/>
  <file name="conscience-café.html" crc="291574972" seo="true" mt="1459457176742" redirect="true"/>
</manifest>